{"cameraMode":{"drawMode":0,"name":"Shaded","section":"Shading Mode"},"sceneLighting":false,"audioPlay":false,"sceneViewState":{"showFog":true,"showMaterialUpdate":true,"showSkybox":false,"showFlares":true,"showImageEffects":true,"showParticleSystems":true},"in2DMode":false,"pivot":{"x":143.228271484375,"y":43.311737060546878,"z":171.8619384765625},"rotation":{"x":0.1781270056962967,"y":0.16881227493286134,"z":-0.03103454038500786,"w":0.9689220786094666},"size":49.11658477783203,"orthographic":false}