{"cameraMode":{"drawMode":0,"name":"Shaded","section":"Shading Mode"},"sceneLighting":true,"audioPlay":false,"sceneViewState":{"showFog":true,"showMaterialUpdate":true,"showSkybox":true,"showFlares":true,"showImageEffects":true,"showParticleSystems":true},"in2DMode":false,"pivot":{"x":-9.925783157348633,"y":-2.2656476497650148,"z":-1.7920598983764649},"rotation":{"x":0.03430500999093056,"y":-0.41975337266921999,"z":0.015878627076745034,"w":0.9068506956100464},"size":20.78976058959961,"orthographic":false}